x,y,z,id,height
625591.43,6103300.24,840.04,1,25.5299902344
625413.94,6103139.81,844.58,2,27.7300244141
625383.47,6103351.47,848.38,3,28.7999829102
625168.7,6103290.2,829.52,4,28.7599902344
625405.75,6103138.51,844.9,5,28.2599853516
625328.28,6103176.67,843.47,6,25.5000292969
625345.27,6103154.84,843.76,7,24.26
625271,6103190.97,842.81,8,25.7100244141
625530.94,6103340.32,845.25,9,26.0399780273
625467.04,6103151.24,841.63,10,31.7999829102
625548.87,6103252.24,844.61,11,28.7899926758
625166.58,6103264.65,827.94,12,24.989987793
625408.66,6103316.49,845.1,13,24.1999755859
625215.61,6103296.72,833.82,14,27.6299975586
625508.85,6103319.78,845.16,15,23.3999902344
625466.19,6103233.44,844.31,16,26.8499780273
625504.69,6103281.93,845.58,17,24.5900097656
625504.5,6103207.09,840.78,18,31.0600292969
625506.55,6103175.12,837.85,19,31.3399902344
625453.34,6103176.58,842.76,20,29.7700097656
625263.86,6103187.97,842.51,21,25.6099755859
625518.99,6103191.7,840.01,22,34.8599755859
625497.45,6103255.95,845.79,23,28.4699926758
625254.87,6103250.89,839.15,24,28.8600219727
625217.63,6103383.17,834.73,25,25.1399731445
625392.3,6103262.38,846.84,26,26.1899755859
625181.88,6103374.97,834.86,27,26.8999780273
625364.29,6103371.86,841.04,28,23.1700048828
625133.74,6103299.04,821.71,29,24.9000024414
625232.67,6103391.65,835.68,30,25.7199780273
625247.98,6103220.77,840.07,31,26.520012207
625430.72,6103311.66,846.56,32,24.5200219727
625303.68,6103405.86,835.41,33,22.0899926758
625510.21,6103236.37,839.17,34,24.1499804688
625390.87,6103124.5,843.11,35,27.9400170898
625265.22,6103479.43,835.96,36,26.1500024414
625358.92,6103185.38,845.47,37,26.5799853516
625238.37,6103241.61,833.49,38,22.7099707031
625327.68,6103118.19,844.42,39,23.2000292969
625365.18,6103355.6,843.41,40,24.8000146484
625164.83,6103221.56,833.62,41,27.6500292969
625245.16,6103197.69,838.24,42,22.8200170898
625287.1,6103258.62,840.19,43,26.69
625338.71,6103248.6,839,44,22.6599731445
625535.96,6103299.93,843.64,45,23.7999731445
625468.39,6103337.01,845.05,46,23.8100097656
625315.83,6103175.68,844.42,47,26.8100146484
625230.5,6103300.51,832.65,48,25.1100219727
625300.74,6103498.62,833.17,49,21.1900195313
625299.44,6103278.12,840.73,50,26.73
625438.1,6103216.8,839.48,51,19.8899731445
625395.49,6103380.17,844.08,52,25.08
625386.83,6103183.66,842.31,53,23.0800195313
625448.48,6103075.29,839.65,54,29.9599975586
625283.32,6103189.15,843.58,55,26.4200268555
625408.32,6103338.05,848.38,56,27.3699902344
625323.18,6103486.09,840.46,57,27.1999902344
625162.88,6103361.72,831.89,58,24.9299780273
625131.9,6103312.14,827.85,59,29.800012207
625251.05,6103483.11,835.45,60,26.5400268555
625457.75,6103098.53,838.6,61,27.4800048828
625175.91,6103249.02,833.2,62,27.0300170898
625184.39,6103367.22,834.19,63,25.890012207
625268.05,6103323.23,838.27,64,24.4299731445
625358.66,6103473.53,839.09,65,23.8799780273
625283.02,6103223.92,839.27,66,25.069987793
625189.63,6103283.99,829.16,67,26.2799951172
625304.16,6103357.09,840.82,68,25.4799731445
625260.15,6103192.4,841.93,69,25.3300244141
625412.73,6103395.29,845.29,70,26.5999975586
625159.45,6103264.06,826.67,71,24.42
625294.52,6103257.15,839.3,72,25.2199829102
625526.44,6103213.42,841.35,73,29.4400268555
625112.73,6103302.18,816.25,74,20.450012207
625427.98,6103111.71,843.01,75,30.7999780273
625416.12,6103178.4,843.4,76,26.7200073242
625534.1,6103323.84,844.22,77,24.5600268555
625458.58,6103270.51,845.97,78,25.1499926758
625330.54,6103391.34,840.58,79,25.2399731445
625275.86,6103321.71,840.22,80,25.8199755859
625302.11,6103376.46,841.29,81,26.4800024414
625197.51,6103425,827.76,82,21.0800073242
625581.65,6103316.47,840.72,83,26.0600268555
625276.72,6103355.55,839.36,84,25.3299707031
625187.84,6103297.67,829.53,85,27.4700024414
625237.35,6103258.16,836.26,86,27.8799951172
625435.55,6103238.53,845.29,87,24.5799780273
625512.41,6103225.92,840.77,88,26.9499926758
625472.23,6103383.41,842.36,89,23.9500268555
625379.63,6103413.02,842.88,90,25.7800244141
625195.78,6103314.93,831.2,91,25.9100219727
625360.74,6103221.21,845.75,92,27.3300170898
625373.59,6103346.04,845.32,93,26.1299975586
625301.65,6103166.6,845.09,94,26.6600073242
625274.62,6103169.35,844.88,95,26.3400219727
625538.68,6103264.51,843.83,96,26.1199780273
625330.87,6103275.37,845.63,97,29.3699902344
625338.92,6103297.52,842.93,98,26.2899853516
625450.08,6103304.62,848.67,99,26.120012207
625521.96,6103285.53,847.57,100,27.07
625400.52,6103095.09,840.64,101,25.6199804688
625218.88,6103425.63,832.75,102,24.5100097656
625207.57,6103276.85,830.41,103,25.8000146484
625191.87,6103214.65,835.4,104,25.1800292969
625312.94,6103326.11,840.2,105,24.4199707031
625507.89,6103197.59,840.15,106,32.5599731445
625259.31,6103482.28,834.46,107,25.0500268555
625453.34,6103376.92,842,108,23.3099975586
625157.43,6103225.72,833.4,109,28.5400146484
625229.35,6103213.52,837.71,110,24.1000146484
625452.12,6103225.62,846.51,111,27.7000024414
625358.46,6103395,840.59,112,23.9599951172
625241.19,6103180.96,839.24,113,22.8200170898
625159.49,6103378.18,829.28,114,23.0099804688
625377.55,6103427.04,839.07,115,22.4500048828
625267.24,6103272.74,839.13,116,27.7200268555
625292.99,6103165.35,845.31,117,26.5399804688
625200.98,6103227.66,835.76,118,25.26
625477.41,6103381.9,842.85,119,24.3700195313
625455.08,6103336.41,847.39,120,25.9700170898
625321.42,6103366.37,842.53,121,26.230012207
625459.75,6103210.83,843.4,122,26.4700073242
625247.36,6103314.56,836.54,123,25.2099829102
625413.26,6103079.98,841.16,124,28.4200097656
625369.84,6103138.59,839.83,125,21.3699780273
625321.52,6103417.93,841.56,126,27.359987793
625282.34,6103217.99,839.61,127,24.7500146484
625380.74,6103275.2,843.71,128,23.8899926758
625310.67,6103162.03,843.29,129,24.6300268555
625160.61,6103305.83,826.09,130,26.7200048828
625239.05,6103301.79,839.5,131,31.1699829102
625523.77,6103299.53,844.5,132,23.4899902344
625392.4,6103386.16,842.53,133,23.829987793
625192.6,6103360.64,833.11,134,24.1400292969
625474.77,6103287.65,841.51,135,20.0699975586
625198.67,6103334,834.55,136,26.4599731445
625367.85,6103150.58,843.62,137,24.419987793
625173.55,6103328.55,831.78,138,28.1200268555
625435.31,6103093.53,840.45,139,29.9100219727
625279.66,6103335,841.99,140,27.1499731445
625327.24,6103358.01,840.9,141,24.0500244141
625189.37,6103424.76,827.95,142,21.7399780273
625109.81,6103287.23,827.86,143,30.4799951172
625419.66,6103355.3,846.67,144,26.2000292969
625394.36,6103299.49,846.97,145,26.6000048828
625501.08,6103340.54,846.82,146,25.9799731445
625229.72,6103406.02,829.03,147,19.9900219727
625343.57,6103245.74,842.15,148,25.4700073242
625331.99,6103158.78,843.34,149,24.3199804688
625464.87,6103196.17,844.56,150,29.2899804688
625391.22,6103395.82,843.73,151,25.5600170898
625481.67,6103166.46,836.83,152,26.7300244141
625222.14,6103468.96,833.3,153,26.3900268555
625326.34,6103454.42,839.32,154,25.8500292969
625302.18,6103268.65,841.88,155,27.8599804688
625239.42,6103485.16,835.13,156,27.179987793
625531.38,6103187.33,833.69,157,30.3599829102
625551.01,6103271.13,844.49,158,27.4699804688
625269.3,6103340.09,839.23,159,25.2500195313
625416.07,6103169.98,844.17,160,27.3000048828
625373.48,6103268.32,848.12,161,28.7700244141
625393.73,6103277.38,846.25,162,25.5200195313
625369.16,6103334.57,846.25,163,27.3499755859
625309.58,6103322.78,841.56,164,25.9400048828
625441.59,6103338.09,849.07,165,27.7000048828
625195.99,6103254.92,837.89,166,30.8799902344
625344.93,6103237.87,842.26,167,25.2200219727
625475,6103262.01,845.85,168,27.4400268555
625451.69,6103414.23,842.45,169,26.0499755859
625499.71,6103142.71,833.28,170,27.03
625217.57,6103215.15,837.08,171,24.2700024414
625417.01,6103238.71,848.41,172,27.3000146484
625436.49,6103395.83,845.01,173,26.8400170898
625296,6103394.46,839.82,174,26.1899951172
625562.44,6103224.62,840.11,175,28.159987793
625560.57,6103262.47,843.56,176,27.9799829102
625276.01,6103189.87,843.68,177,26.6099926758
625307.4,6103236.52,840.89,178,25.9200292969
625358.94,6103195.64,842.1,179,23.3199707031
625215.72,6103195.1,838.28,180,24.6100170898
625465.35,6103232.95,843.42,181,25.9599780273
625383.66,6103293.57,846.67,182,26.7000292969
625420.52,6103407.26,843.77,183,25.6100268555
625521.83,6103337.67,846.83,184,26.6500073242
625349.58,6103377.09,837.87,185,20.9000292969
625368.01,6103382.69,844.26,186,26.6600244141
625208.18,6103438.45,833.65,187,26.3899902344
625240.19,6103378.89,835.26,188,24.3400170898
625474.03,6103183.45,842.12,189,28.8599902344
625400.31,6103207.54,843.64,190,23.7399755859
625256.74,6103423.11,834.19,191,23.6699804688
625441.66,6103378.26,843.8,192,25.05
625220.28,6103411.54,833.95,193,25.7900268555
625344.46,6103451.49,839.47,194,25.2300097656
625490.54,6103206.77,836.12,195,26.4099780273
625453.39,6103139.64,840.8,196,29.1300170898
625294.09,6103231.42,839.58,197,25.2900219727
625217.24,6103197.44,839.52,198,25.8500170898
625599.18,6103295.33,840.34,199,26.540012207
625388.42,6103342.03,843.83,200,23.7999707031
625444.79,6103370.84,842.44,201,23.1300024414
625276.61,6103235.34,841.68,202,28.5700146484
625384.44,6103436.73,839.92,203,23.370012207
625265.1,6103389.15,834.22,204,22.3100268555
625572.33,6103336.53,842.31,205,27.7199731445
625266.41,6103308.07,839.8,206,27.250012207
625244.25,6103214.89,839.67,207,25.5799731445
625234.96,6103188.59,836.78,208,21.3700268555
625406.12,6103342.82,847.32,209,26.6500170898
625394.34,6103326.62,846.76,210,26.4199731445
625266.44,6103417.95,836.84,211,25.889987793
625294.95,6103299.51,841.55,212,27.6099975586
625199.82,6103440.43,831.47,213,25.019987793
625353.71,6103126.54,844.67,214,24.9500292969
625317.67,6103182.53,845.77,215,28.4100146484
625319.16,6103234.63,843.97,216,27.9800097656
625246,6103387.71,837.13,217,26.1500195313
625176.71,6103336.39,833.65,218,27.7099975586
625428.29,6103370.1,845.15,219,25.4999755859
625259.47,6103369.06,839.96,220,27.5799951172
625148.81,6103321.8,830.7,221,30.8699829102
625275.23,6103388.52,836.43,222,23.7500073242
625276.51,6103149.95,846.76,223,27.0499780273
625283.72,6103428.19,838.2,224,26.0400268555
625453.72,6103105.95,840.72,225,29.0500170898
625376.49,6103405.39,841.82,226,24.6899951172
625467.29,6103171.12,840.6,227,29.8399902344
625311.6,6103468.73,839.99,228,26.9799902344
625205.25,6103396.43,832.74,229,24.3300268555
625514.01,6103329.55,841.23,230,19.9900097656
625292.71,6103160.98,844.65,231,25.5599731445
625532.28,6103236.31,840.83,232,25.2399731445
625124.31,6103280.36,825.99,233,28.1400244141
625340.33,6103350.99,845.4,234,27.7300170898
625308.83,6103343.99,842.03,235,26.0899975586
625161.45,6103312.79,827.52,236,28.069987793
625369.79,6103156.99,842.63,237,23.2299755859
625139.87,6103312.61,827.62,238,29.7899829102
625551.45,6103216.11,840.35,239,29.8299804688
625288.68,6103399.97,834.3,240,21.4799926758
625177.9,6103278.59,831.41,241,28.6200219727
625150.65,6103326.67,829.4,242,28.4100097656
625250.58,6103325.12,840.08,243,27.4600048828
625479.73,6103342.48,846.04,244,25.2500219727
625431.09,6103180.32,843.31,245,27.7199731445
625204.23,6103194.39,837.02,246,23.8899951172
625543.16,6103256.35,842.29,247,25.6100073242
625246.36,6103437.08,835.12,248,25.0399829102
625374.77,6103387.73,841.59,249,23.6499975586
625346.84,6103339.31,840.86,250,22.9599755859
625427.59,6103303.17,849.01,251,27.059987793
625374.91,6103396.2,841.26,252,23.6500146484
625192.29,6103380.39,833.54,253,25.1599951172
625512.26,6103261.6,845.88,254,27.0499829102
625472.26,6103194,843.49,255,29.4599707031
625387.33,6103403.6,841.06,256,23.3499780273
625516.52,6103227.46,838.98,257,24.7500195313
625210.29,6103329.66,834.51,258,25.5400292969
625259.43,6103166.87,842.56,259,24.4699731445
625298.45,6103302.67,838.99,260,24.8800146484
625582.69,6103325.45,839.89,261,25.9100195313
625424.38,6103334.34,845.96,262,24.5599755859
625518.57,6103292.27,843.83,263,22.6799755859
625216.16,6103266.74,830.67,264,24.9400195313
625227.61,6103190.05,837.92,265,22.8800219727
625342.87,6103214.64,841.9,266,24.1199707031
625355.26,6103206.91,846.63,267,28.1600292969
625345.73,6103482.27,838.66,268,24.2799951172
625166.42,6103254.04,828.1,269,23.800012207
625119.06,6103273.75,827.36,270,28.36
625272.79,6103224.71,840.2,271,26.1400024414
625300.22,6103241.32,839.55,272,25.2199829102
625526.63,6103308.72,846.09,273,25.1600073242
625199.89,6103281.69,830.35,274,26.6
625422.08,6103374.7,846.5,275,26.799987793
625232.44,6103274.11,834.74,276,28.3800146484
625179.52,6103404.45,833.6,277,26.5099731445
625258.44,6103417.42,837.33,278,26.7499829102
625493.87,6103188.41,836.81,279,28.4400048828
625416.34,6103274.83,848.22,280,26.6200244141
625227.1,6103310.82,835.88,281,26.429987793
625461.61,6103165.46,838.9,282,28.7699951172
625398.54,6103086.3,840.97,283,25.6999804688
625357.34,6103381.5,839.27,284,21.9299731445
625341.65,6103356.19,845.31,285,27.5900292969
625379.5,6103219.8,845.82,286,26.4500048828
625338.19,6103208.01,843.68,287,26.0399853516
625525.43,6103248.65,844.66,288,27.4400292969
625371.93,6103323.18,845.19,289,25.9299902344
625170.7,6103322.5,829.87,290,28.1099902344
625108.59,6103292.37,821.24,291,24.74
625352.47,6103401.97,840.52,292,24.3699755859
625383.24,6103267.56,847.22,293,27.2400195313
625501.36,6103162.16,838.45,294,29.8400146484
625442.42,6103096.93,840.04,295,28.6300268555
625191.73,6103202.03,835.49,296,24.4799902344
625243.71,6103470.27,833.44,297,24.989987793
625161.2,6103340.58,829.91,298,25.2599755859
625296.21,6103186.63,843.26,299,26.460012207
625385.5,6103215.07,845.95,300,26.2800170898
625299.82,6103140.95,847.07,301,26.6799853516
625495.96,6103215.1,839.76,302,29.8500268555
625298.45,6103151.33,847.21,303,27.4800195313
625425.24,6103388.23,845.7,304,26.8099853516
625417.19,6103421.9,841.14,305,23.7599951172
625484.06,6103268.58,846.22,306,27.3500048828
625574.88,6103292.53,840.64,307,24.1999975586
625389.1,6103244.75,847.98,308,28.180012207
625418.72,6103378,845.02,309,25.470012207
625276.09,6103296.12,839.13,310,26.8499707031
625298.67,6103358.11,841.32,311,26.3500292969
625184.88,6103405.03,829.12,312,21.820012207
625232.35,6103309.06,836.95,313,27.5400268555
625194.7,6103208.12,834.34,314,23.5699804688
625545.72,6103296.92,845.18,315,26.2999951172
625545.22,6103281.27,845.41,316,27.3500024414
625191.58,6103411.56,832.43,317,25.3100048828
625379.82,6103333.31,844.98,318,25.23
625278.04,6103485.62,838.06,319,27.3800073242
625105.93,6103261.1,825.41,320,22.0899926758
625424.84,6103352.72,845.86,321,25.2199853516
625432.29,6103406.45,844.58,322,26.6999951172
625466.86,6103225.85,846.17,323,29.2600268555
625333.34,6103384.01,842.51,324,26.6699731445
625299.63,6103343.44,838.87,325,23.4099780273
625609.37,6103304.07,838.31,326,26.2799707031
625306,6103255.63,840.55,327,25.8599975586
625552.87,6103291.73,844.8,328,26.6599853516
625481.39,6103233.72,844.19,329,29.9099707031
625518.51,6103204.52,840.42,330,30.5299853516
625438.67,6103342.71,845.19,331,24.0999731445
625400.77,6103423.64,841.95,332,24.5699951172
625223.87,6103324.7,835.64,333,25.2900244141
625395.38,6103214.31,843.36,334,23.1499780273
625168.85,6103281.36,831.22,335,29.3799731445
625182.73,6103345.57,830.7,336,23.249987793
625301.47,6103303.71,844.27,337,29.8799853516
625305.45,6103143.76,845.73,338,25.7500195313
625184.61,6103320.29,830.89,339,26.8300024414
625499.65,6103234.66,841.58,340,28.6700268555
625343.83,6103462.43,840.67,341,26.0000170898
625390.75,6103450.19,841.91,342,25.6200219727
625408.53,6103353.91,846.58,343,26.1899853516
625360.9,6103403.07,839.76,344,23.3300073242
625232.05,6103335.49,835.6,345,24.3700195313
625571.67,6103240.15,838.15,346,25.9599975586
625300.99,6103415.89,839.04,347,26.1399755859
625388.26,6103102.8,841.51,348,25.6000268555
625235.92,6103446.02,832.94,349,24.0200170898
625364.62,6103308.92,844.31,350,25.5000024414
625380.66,6103448.51,837.83,351,21.7599926758
625416.57,6103335.57,846.76,352,25.6000268555
625371.92,6103463.58,838.1,353,22.4800048828
625174.01,6103302.51,828.87,354,28.0800219727
625267,6103503.48,836.45,355,27.0599853516
625452.48,6103163.8,838.56,356,26.9899926758
625150.14,6103282.31,826.31,357,26.8699975586
625287.53,6103414.18,837.37,358,25.169987793
625423.85,6103062.5,840.52,359,31.8899951172
625226.46,6103412.15,830.78,360,22.2900097656
625449.98,6103362.91,846.08,361,26.3699780273
625349.69,6103149.87,844.71,362,25.1399926758
625342.71,6103418.61,841.69,363,26.7600073242
625156.67,6103353.48,830.58,364,24.5400219727
625335.9,6103290.37,840.46,365,24.0199975586
625423.09,6103421.71,840.69,366,23.5100073242
625258.37,6103486.8,836.65,367,27.2699951172
625341.9,6103132.63,843.92,368,23.5700244141
625437.9,6103306.08,846.38,369,24.0499829102
625197.12,6103362.64,835.42,370,26.2400073242
625312.49,6103286.49,845.67,371,30.2099780273
625434.63,6103066.1,837.09,372,29.8000219727
625249.13,6103236.8,838.39,373,26.3599707031
625249.99,6103498.92,834.41,374,25.6900292969
625364.51,6103305.66,847.64,375,28.8099829102
625349.23,6103350.21,842.36,376,24.1900170898
625361.41,6103147.73,841.68,377,22.5800244141
625438.78,6103255.63,846.36,378,25.5899804688
625292.83,6103375.61,840.85,379,26.5699707031
625354.94,6103154.74,845.96,380,26.4800195313
625486.7,6103140.34,835.82,381,29.6299975586
625447.95,6103108.98,840.51,382,28.0699975586
625310.36,6103131.82,847.11,383,26.4400170898
625162.1,6103279.8,829.37,384,28.1799975586
625315.55,6103492.19,834.91,385,22.1399804688
625236.02,6103404.09,835.19,386,25.6799902344
625350.18,6103318.89,843.78,387,26.03
625165.75,6103238.39,832.7,388,27.150012207
625331.86,6103338.31,841.57,389,24.3799975586
625345.86,6103123.55,845.78,390,25.4700024414
625235.23,6103493.36,831.64,391,23.9200292969
625259.46,6103400.02,837.43,392,26.1200024414
625453.39,6103073.77,839.06,393,29.1199975586
625237.88,6103358.64,838.01,394,26.5800073242
625408.31,6103251.8,845.18,395,23.93
625213.32,6103249.8,835,396,26.9199829102
625294.56,6103288.21,841.88,397,27.6400097656
625143.96,6103343.44,827,398,22.4799804688
625192.94,6103361.17,833.21,399,24.1000146484
625269.73,6103385.29,836.81,400,24.4000268555
625190.12,6103345.57,833.32,401,24.9500048828
625360.89,6103363.6,843.62,402,25.4600268555
625436.07,6103119.68,840.22,403,26.7300097656
625293.83,6103364.12,841.26,404,26.6899926758
625205.74,6103449.51,833.43,405,27.18
625284,6103268.82,839.41,406,26.1700097656
625139.68,6103261.71,830.51,407,30.5400292969
625150.96,6103228.29,829.64,408,26.090012207
625294.67,6103429.42,837.32,409,24.8099902344
625265.11,6103228.64,840.62,410,26.9400073242
625336.92,6103341.63,843.87,411,26.3800097656
625255.6,6103221.5,839.36,412,25.2000268555
625373.6,6103437.61,839.72,413,23.6899707031
625566.43,6103275.81,844.09,414,27.9800146484
625146.23,6103276.37,826.66,415,27.459987793
625327.4,6103387.57,838.9,416,23.5199951172
625465.97,6103135.62,840.47,417,31.6000048828
625207.05,6103342.49,833.34,418,24.0099829102
625238.18,6103264.9,835.55,419,28.1300170898
625419.05,6103184.15,842.42,420,25.4799975586
625586.12,6103282.77,840.38,421,24.9700268555
625232.8,6103380.75,835.49,422,25.1699926758
625172.23,6103311.73,828.39,423,27.4299780273
625288.29,6103493.25,834.1,424,22.800012207
625210.61,6103257.84,832.39,425,25.6000219727
625231.32,6103232.03,838.81,426,26.9400048828
625592.89,6103291.52,838.93,427,24.130012207
625456.94,6103236.7,844.33,428,25.2599926758
625377.34,6103210.02,845.75,429,26.3400268555
625293.35,6103150.55,846.16,430,26.4200097656
625287.29,6103360.27,838.76,431,24.4500024414
625470.02,6103096.23,837.49,432,28.5899755859
625216.73,6103301.14,833.27,433,26.2399707031
625599.57,6103313.33,840.34,434,27.6999853516
625562.28,6103285.12,842.66,435,25.6299707031
625252.11,6103213.57,842.05,436,27.4799926758
625501.38,6103153.87,837.62,437,28.9400073242
625226.46,6103343.07,836.95,438,26.0400268555
625293.18,6103327.06,841.76,439,26.4000146484
625408.22,6103265.18,849.98,440,28.529987793
625173.73,6103253.96,832.11,441,26.7000268555
625399.19,6103237.04,845.77,442,25.319987793
625254.32,6103334.96,836.56,443,23.7100244141
625605.27,6103316.93,841.72,444,30.0299975586
625194.09,6103300.1,830.39,445,27.5499731445
625554.05,6103258.06,846.2,446,30.1899902344
625463.36,6103293.1,844.86,447,23.0199731445
625343.51,6103366.93,841.89,448,24.6500097656
625154.79,6103326.4,830.72,449,29.7300097656
625407.58,6103360.25,846.57,450,26.4500048828
625216.97,6103368.25,835.24,451,25.0600073242
625418.92,6103301.74,847.48,452,25.7600292969
625273.81,6103419.52,835.05,453,23.5299804688
625186.46,6103218.66,833.54,454,24.1999731445
625441.15,6103154.78,840.65,455,26.2800048828
625271.29,6103414.34,835.44,456,24.2999853516
625351.51,6103476.63,836.9,457,22.100012207
625436.01,6103233.97,834.53,458,14.3899853516
625302.55,6103423.47,837.31,459,24.2700219727
625358.43,6103253.75,840.44,460,23.0200170898
625346.67,6103176.62,842.97,461,24.3600146484
625389.92,6103349.64,844.54,462,24.5999975586
625516.47,6103313.75,845.25,463,23.7800292969
625544.15,6103353.61,843.98,464,26.3399853516
625387.66,6103267.22,847.82,465,27.4100268555
625158.48,6103232.45,831.85,466,27.4400268555
625523.9,6103348.18,846.03,467,26.2599804688
625204.61,6103287.18,832.61,468,28.4400170898
625169.93,6103221.64,832.34,469,25.3700292969
625521.99,6103172.52,832.71,470,29.9200219727
625408.32,6103244.75,848.42,471,27.3299731445
625441.56,6103148.88,842.16,472,27.6800195313
625489.17,6103345.6,846.93,473,26.3999707031
625536.46,6103199.57,834.6,474,27.0699707031
625172.76,6103350.18,831.98,475,24.9099926758
625470.81,6103159.91,840.99,476,32.5000097656
625224.25,6103440.33,835.22,477,26.5299975586
625404.81,6103101.58,841.71,478,27.259987793
625228.99,6103179.34,841.39,479,25.4899755859
625304.46,6103297.14,842.22,480,27.4800097656
625241.06,6103410.16,833.4,481,23.7099975586
625441.41,6103131.43,840.88,482,26.9000195313
625229.83,6103346.58,835.19,483,24.1599707031
625268.37,6103445.31,836.57,484,25.369987793
625224.67,6103262.03,836.18,485,29.2500073242
625198.46,6103239.32,836.34,486,27.1700170898
625238.36,6103257.89,836.42,487,28.0399951172
625373.07,6103154.06,842,488,22.9400024414
625540.3,6103214.64,836.76,489,26.0300195313
625334.36,6103164.52,839.54,490,20.7599707031
625422.13,6103247.18,847.67,491,26.2899951172
625320.7,6103311.33,843.14,492,27.5599829102
625338.13,6103282.3,843.91,493,27.0500146484
625460.22,6103138.67,839.45,494,29.2800170898
625489.91,6103267.98,847.22,495,28.420012207
625502.31,6103350.52,842.69,496,22.3400244141
625454.54,6103213.03,843.4,497,25.4800170898
625185.1,6103291.76,829.37,498,27.5600024414
625343.39,6103307.41,842.73,499,25.6499829102
625269.36,6103303.59,842.46,500,30.2900170898
625251.67,6103266.89,837.98,501,28.98
625609.38,6103294.36,839.39,502,27.0699926758
625483.5,6103371.22,846.28,503,27.1899731445
625450.96,6103297.52,847.43,504,24.9899975586
625356.74,6103287.08,840.45,505,22.6600219727
625185.7,6103387.52,833.54,506,25.5099707031
625601.27,6103305.49,838.77,507,25.8799853516
625418.88,6103124.66,843.23,508,28.2500195313
625393.43,6103140.33,845.37,509,28.4400073242
625477.64,6103159.21,837.83,510,29.6600170898
625180.85,6103275.48,831.54,511,28.3100195313
625370.64,6103294.24,842.8,512,23.8999755859
625523.78,6103278.81,847.08,513,27.2900219727
625475.58,6103389.47,841.55,514,23.5199707031
625206.64,6103268.8,830.14,515,25.2300268555
625302.64,6103362.63,840.13,516,24.9899853516
625566.48,6103256.71,839.38,517,24.8699902344
625203.52,6103406.5,834.29,518,26.7199926758
625358.16,6103454.38,837.56,519,22.5700097656
625316.14,6103374.31,842.95,520,27.2599975586
625197.22,6103387.88,831.28,521,22.7599804688
625222.88,6103461.81,830.62,522,23.7799731445
625169.32,6103231.88,834.09,523,27.639987793
625547.35,6103289.86,846.35,524,27.9400268555
625152.87,6103275.04,829.56,525,29.260012207
625419.5,6103096.27,840.97,526,28.420012207
625539.96,6103307.48,846.51,527,26.8799951172
625254.6,6103504.74,832.9,528,24.1700195313
625261.3,6103212.03,834.93,529,19.7899853516
625437.55,6103258.06,846.2,530,25.1799804688
625362.8,6103168.92,846.31,531,26.8200097656
625330.64,6103230.46,843.31,532,26.5700097656
625382.2,6103362.49,846.58,533,27.3099804688
625274.41,6103242.26,839.87,534,27.5100146484
625293.92,6103200.23,842.19,535,26.2100195313
625441.38,6103164.19,840.32,536,27.0900195313
625479,6103308.35,829.56,537,7.2399926758
625197.15,6103219.25,836.56,538,25.6300073242
625480.02,6103205.95,841.67,539,29.6100024414
625561.68,6103306.8,845.17,540,27.8800219727
625465.49,6103362.42,843.84,541,24.3700292969
625367.31,6103185.28,844.3,542,25.099987793
625483.64,6103160.93,838.2,543,29.3199951172
625191.9,6103313.19,833.8,544,29.599987793
625194.47,6103397.74,830.13,545,22.2299755859
625229.23,6103362.8,837.16,546,26.1800195313
625378.94,6103288.12,846.54,547,26.9599829102
625465.8,6103327.3,847.92,548,26.1900195313
625368.03,6103220.57,843.24,549,24.4500219727
625464.91,6103157.16,838.42,550,29.0100268555
625302.26,6103148.33,845.3,551,25.5600097656
625432.89,6103146.8,844.36,552,28.5700219727
625223.09,6103201.25,840.42,553,26.42
625400.08,6103442.31,842.42,554,25.7699755859
625297.55,6103448.02,840.6,555,28.3800292969
625418.8,6103329.01,845.18,556,23.7500073242
625460.65,6103315.92,845.62,557,23.320012207
625236.96,6103438.3,835.31,558,25.7100244141
625286.83,6103379.5,841.06,559,27.2500024414
625275.03,6103401.84,836.98,560,25.1700024414
625553.12,6103329.57,845.33,561,28.129987793
625266.38,6103284.33,836.86,562,25.8399804688
625322.46,6103279.41,843.42,563,27.5199755859
625290.42,6103253.66,840.29,564,26.7300024414
625149.05,6103259.46,831.62,565,30.5499926758
625227.16,6103447.65,832.61,566,24.3900292969
625219.19,6103225.45,840.34,567,28.6200292969
625383.2,6103099.82,843.83,568,27.3199902344
625509.83,6103292.86,846.03,569,24.5400097656
625417.07,6103158.69,842.14,570,24.9899755859
625499.13,6103216.78,832.04,571,21.8700170898
625314.47,6103244.37,842.43,572,27.2100292969
625165.9,6103387.77,831.67,573,25.2400073242
625371.32,6103402.08,842.43,574,25.2500073242
625252.33,6103277.62,838.29,575,29.1999731445
625254.63,6103439.63,833.91,576,23.3299829102
625178.76,6103309.98,832.13,577,30.3599804688
625531.5,6103346.74,844.21,578,25.21
625291.04,6103279.61,841.36,579,27.8700097656
625291.9,6103344.27,840.29,580,25.0700292969
625112.67,6103266.48,827.53,581,25.7699902344
625485.55,6103347.56,844.52,582,24.4999804688
625290.6,6103508.32,834.9,583,23.8099731445
625276.28,6103315.83,841.08,584,27.1199780273
625389.73,6103112.57,843.43,585,27.7000195313
625288.2,6103213.29,842.23,586,27.1200146484
625442.29,6103090.71,838.56,587,27.56
625312.06,6103233.45,840.39,588,24.9600073242
625476.89,6103190.78,842.17,589,29.2099780273
625321.53,6103215.84,840.48,590,23.8899731445
625222.54,6103374.35,836.51,591,26.4100244141
625164.28,6103268,829.65,592,27.3600219727
625285.1,6103320.65,840.15,593,25.3699707031
625207.01,6103386.56,834.67,594,25.7000292969
625199.56,6103410.77,829.05,595,21.8300292969
625209.48,6103210.78,836.9,596,24.3099731445
625363.96,6103259.09,844.95,597,26.7599975586
625220.04,6103393.51,833.9,598,24.8199829102
625491.85,6103237.36,841.62,599,28.6099902344
625375.37,6103185.51,845.03,600,25.7599804688
625375.01,6103457.35,840.45,601,24.650012207
625400.26,6103128.89,842.34,602,27.5300024414
625356.61,6103134.15,845.07,603,25.8400195313
625466.99,6103348.76,847.31,604,26.8400292969
625213.34,6103345.27,835.2,605,25.1600219727
625103.86,6103280.63,825.95,606,26.7900268555
625352.14,6103172.9,844.27,607,25.1700244141
625270.62,6103259.39,838.35,608,26.7099853516
625176.51,6103219.36,831.39,609,23.4299780273
625455.67,6103385.56,844.79,610,26.9499731445
625312.85,6103294.65,845.7,611,30.4100219727
625428.67,6103290.38,848.97,612,26.8600146484
625253.52,6103418.25,836.14,613,25.7900244141
625401.34,6103109.52,845.2,614,30.8699829102
625335.29,6103209.61,843.93,615,26.5600048828
625399.11,6103103.73,841.11,616,26.310012207
625218.48,6103246.86,836,617,26.8699951172
625591.31,6103321.78,844.07,618,30.9399951172
625295.04,6103397.1,838.48,619,24.9900097656
625380.47,6103419.61,842.14,620,25.189987793
625168.84,6103266.3,830.6,621,27.6599975586
625484.35,6103195.94,839.15,622,28.0400146484
625567.87,6103287.83,843.8,623,27.0299804688
625515.81,6103227.07,838.69,624,24.4600195313
625266.84,6103390.87,830.5,625,18.4000244141
625564.52,6103333.33,842.31,626,26.6900048828
625228.33,6103456.54,834.27,627,26.6600146484
625339.8,6103367.53,844.06,628,27.0000024414
625274.5,6103459.86,834.68,629,24.0299755859
625329.72,6103464.88,839.77,630,26.1600146484
625451.99,6103080.25,839.46,631,28.9399804688
625179.09,6103267.39,831.01,632,27.059987793
625473.05,6103123.98,838.07,633,30.5599902344
625507.72,6103358.25,841.6,634,21.6100097656
625486.47,6103247.56,841.02,635,25.9800219727
625156.22,6103246.95,829.18,636,25.9699780273
625445.35,6103177.11,841.63,637,28.2299755859
625583.45,6103332.27,840.19,638,26.94
625514.38,6103168.08,833.92,639,28.5299853516
625265.53,6103454.89,837.82,640,27.1600268555
625378.74,6103344.22,847.43,641,27.9099804688
625311.31,6103361.03,843.66,642,28.0000268555
625313.52,6103341.35,843.16,643,26.9800073242
625441.16,6103322.45,848.59,644,26.5799902344
625336.89,6103390.83,842.06,645,26.2899804688
625215.76,6103306.08,835.61,646,27.5199731445
625313.24,6103445.02,838.89,647,25.7900244141
625363.84,6103271.18,844.6,648,26.0699707031
625294.88,6103317.91,840.38,649,25.5200146484
625386.31,6103284.94,843.06,650,22.859987793
625392.85,6103235.64,847.21,651,27.0400170898
625456.68,6103404.6,840.47,652,23.6000048828
625158.21,6103334.99,828.6,653,25.4599853516
625403.75,6103276.17,845.44,654,24.2000097656
625424.9,6103099.57,845.33,655,33.6899853516
625422.43,6103097.44,842.18,656,30.1099926758
625197.58,6103205.4,831.81,657,20.31
625431.45,6103115.77,842.97,658,29.8799731445
625398.7,6103250.78,846.45,659,25.7800170898
625318.02,6103208.9,844.14,660,27.6500097656
625367.14,6103232.77,842.52,661,24.319987793
625182.92,6103303.14,826.85,662,25.1700073242
625301.16,6103328.38,843.54,663,27.8700170898
625215.13,6103325.53,835,664,25.7299804688
625259.81,6103385.94,834.66,665,22.9200097656
625219.57,6103313.25,834.83,666,25.5400219727
625183.13,6103397.54,829.66,667,22.209987793
625304.08,6103132.58,843.36,668,22.5799707031
625357.58,6103433.21,841.11,669,25.8800195313
625328.57,6103377.25,839.25,670,23.200012207
625503.79,6103185.72,837.84,671,31.3799780273
625571.2,6103260.82,840.75,672,26.3800048828
625478.85,6103205.8,844.22,673,31.420012207
625444.58,6103404.36,840,674,22.7299804688
625201.1,6103433.42,831.18,675,24.5600048828
625289.08,6103289.61,841.96,676,28.2900170898
625535.81,6103202.56,839.32,677,30.57
625320.94,6103392.64,840.15,678,25.2800048828
625248.69,6103518.41,833.21,679,24.509987793
625467.47,6103257.32,846.77,680,28.1299853516
625316.39,6103424.48,839.22,681,25.47
625360.52,6103162.16,840.92,682,21.4500292969
625254.9,6103240.26,838.58,683,26.8699780273
625197.07,6103325.15,833.97,684,27.4599902344
625314.44,6103420.11,841.66,685,27.9200097656
625325.13,6103189.59,842.46,686,25.1000146484
625459.97,6103333.48,846.78,687,25.329987793
625338.57,6103170.2,839.29,688,20.7599707031
625379.16,6103437.88,838.03,689,21.78
625371.8,6103431.54,840.38,690,24.330012207
625401.48,6103393.37,842.82,691,24.2200244141
625520.68,6103190.64,837.22,692,32.1499926758
625259.73,6103295.3,837.48,693,27.180012207
625585.4,6103267.1,843.53,694,29.4100048828
625350.03,6103451.58,836.52,695,22.0400195313
625247.82,6103459.5,835.39,696,26.2700048828
625278.58,6103201.93,841.74,697,25.6699926758
625344.8,6103137.39,845.67,698,25.6499804688
625569.79,6103315.82,842.62,699,26.5999804688
625334.04,6103261.89,842.86,700,26.9599755859
625219.42,6103291.17,833.05,701,27.2799804688
625318.32,6103473.58,838.39,702,25.1500097656
625427.62,6103196.65,843.43,703,24.979987793
625588.49,6103305.97,840.24,704,25.6800024414
625533.15,6103292.95,844.93,705,25.0399853516
625243.72,6103267.27,836.5,706,28.4699707031
625332.48,6103421.29,840.76,707,26.309987793
625313.54,6103483.11,837.78,708,24.78
625265.09,6103172.75,843.09,709,25.1000097656
625364.69,6103421.91,839.86,710,23.9599755859
625352.94,6103363.31,843.04,711,25.2599707031
625356.37,6103261.22,841.72,712,24.2400195313
625174.85,6103295.07,827.96,713,26.9900292969
625336.21,6103304.03,841.6,714,25.0699707031
625411.09,6103256.78,847.24,715,25.8599951172
625323.19,6103329.7,842.8,716,26.3
625268.59,6103165.47,844.63,717,26.2399853516
625459.89,6103371.31,846.13,718,27.2000073242
625480.57,6103334.69,846.26,719,25.0200097656
625558.2,6103344.47,843.71,720,27.71
625415.51,6103372.21,844.55,721,24.7799804688
625360.35,6103141.06,840.05,722,20.8999755859
625468.07,6103109.28,834.61,723,25.7199853516
625319.67,6103380.03,840.6,724,25.0899902344
625297.38,6103423.07,837.44,725,24.8800024414
625456.59,6103397.7,842.65,726,25.5300048828
625249.35,6103271.78,833.49,727,24.8200170898
625319.22,6103160.29,844.62,728,25.8499804688
625448.24,6103190.23,842.56,729,25.7799707031
625577.97,6103270.05,841.7,730,26.6099731445
625431.32,6103395.69,843.76,731,25.3599755859
625366.28,6103389.8,841.65,732,24.3000244141
625414.55,6103103.68,842.96,733,29.7900170898
625201.69,6103212.37,834.51,734,22.8199975586
625435.71,6103352.95,847.08,735,26.6000195313
625312.16,6103273.4,842.93,736,28.1900097656
625363.49,6103241.81,843.12,737,25.3499804688
625443.61,6103219.7,845.66,738,26.41
625146.17,6103259.93,828.64,739,27.89
625309.62,6103226.54,837.22,740,21.8899829102
625273.82,6103254.61,837.74,741,25.6699926758
625291.36,6103482.03,834.85,742,23.2300048828
625354.61,6103353.05,842.96,743,24.71
625268.34,6103314.95,835.01,744,21.4799707031
625347.55,6103230.89,841.3,745,23.7000244141
625462.95,6103387.74,844.33,746,26.5599804688
625328.28,6103489.45,839.31,747,26.010012207
625255.36,6103453.56,834.56,748,24.4400048828
625322.41,6103227.87,842.9,749,26.7499755859
625297.88,6103504.65,834.85,750,23.2699829102
625174.05,6103344.59,832.18,751,25.5299755859
625192.41,6103416.76,828.25,752,21.4799804688
625136.08,6103321.29,830.11,753,30.2699731445
625171.06,6103338.74,830.74,754,25.2799780273
625589.42,6103285.17,842.35,755,27.2500244141
625099.55,6103268.14,826.7,756,24.2300292969
625410.07,6103169.96,843.99,757,26.4799902344
625492.86,6103260.37,845.32,758,27.5599902344
625215.46,6103234.89,834.94,759,24.7999853516
625207.82,6103296.99,834.84,760,29.4599951172
625391.26,6103255.96,849.18,761,28.7199780273
625428.7,6103086.73,839.12,762,29.12
625127.38,6103255.92,829.33,763,28.1199780273
625304.55,6103214.51,844.22,764,28.4800097656
625364.46,6103456.33,841.38,765,26.0499829102
625533.24,6103336.69,847.36,766,28.2099755859
625486.04,6103363.57,844.32,767,24.8799975586
625371.36,6103170.75,842.44,768,22.9000219727
625373.16,6103192.78,842.55,769,23.3599975586
625154.44,6103349.27,832.14,770,26.6500097656
625399.66,6103348.66,846.08,771,25.7499829102
625381.3,6103118.48,844.55,772,28.0100219727
625388.14,6103273.37,846.22,773,25.7799975586
625396.32,6103216.78,843.83,774,23.6500073242
625495.7,6103160.79,838.99,775,30.0499975586
625466.76,6103126.79,837.21,776,28.3299951172
625240.41,6103370.37,838.07,777,26.9700244141
625466.06,6103088.87,835.61,778,25.5000146484
625162.99,6103368.76,830.39,779,23.5800024414
625494.73,6103362.24,845.11,780,25.3900292969
625432.4,6103300.15,849.49,781,27.2000219727
625238.96,6103285.87,837.13,782,29.8200024414
625176.52,6103226.91,833.15,783,25.4399780273
625558.72,6103250.32,842.34,784,27.3299902344
625312.3,6103477.82,837.61,785,24.5999902344
625223.94,6103248.13,835.44,786,26.2899755859
625305.94,6103366.2,839.37,787,24.0000048828
625292.97,6103220.45,841.21,788,26.3199853516
625374.21,6103252.96,843.23,789,24.3299755859
625545.43,6103233.91,838.27,790,23.6500048828
625336.87,6103137.27,846.07,791,25.7899707031
625379.23,6103146.54,827.29,792,9.0700292969
625447.91,6103223.96,844.93,793,25.7799755859
625267.79,6103157.4,844.3,794,25.1800048828
625400.62,6103232.05,844.18,795,23.6499707031
625335.59,6103464.7,839.55,796,25.5299804688
625532.34,6103233.7,840.62,797,25.6900073242
625306.73,6103438.8,840.98,798,28.23
625302.96,6103148.34,846.02,799,26.2599902344
625343.5,6103220.29,844.41,800,26.8399926758
625330.15,6103445.23,838.13,801,24.5300244141
625334.15,6103428.66,838.26,802,24.1299951172
625256.37,6103430.05,837.79,803,27.1300268555
625434.87,6103326.06,845.21,804,23.3699731445
625314.19,6103217.33,842.15,805,25.9300292969
625355.53,6103222.69,845.6,806,27.4400268555
625387.48,6103416.56,843.82,807,26.5300219727
625290.51,6103352.87,841.04,808,26.2599707031
625213.07,6103448.89,833.7,809,26.6600219727
625120.89,6103316.25,826.58,810,28.1000195313
625365.72,6103282.25,844.61,811,26.11
625409.58,6103381.34,844.89,812,25.4800268555
625243.65,6103423.27,836.01,813,26.3799951172
625378.68,6103203.47,846.63,814,27.2899731445
625211.33,6103230.08,838.24,815,27.289987793
625480.86,6103305.82,829.23,816,6.8499951172
625413.46,6103324.33,845.6,817,24.2500244141
625280.11,6103236.05,839.58,818,26.4299755859
625312.09,6103263.4,840.76,819,26.1600244141
625401.37,6103226.15,847.03,820,26.6399853516
625262.47,6103159.37,843.88,821,25.080012207
625171.76,6103364.34,830.75,822,23.2299804688
625159.71,6103288.59,828.33,823,27.9000073242
625484.58,6103154.85,837.11,824,29.5700219727
625466.75,6103400.45,840.52,825,23.4100146484
625258.4,6103470.52,832.01,826,22.5699975586
625491.85,6103194.8,839.42,827,30.5199755859
625491.14,6103155.21,836.77,828,28.569987793
625469.85,6103190.95,841.18,829,26.6499707031
625203.21,6103416.26,832.84,830,25.8500097656
625305.31,6103487.51,838.34,831,25.7499731445
625258.35,6103247.68,840.06,832,29.1400170898
625280.36,6103379.98,839.79,833,26.4400244141
625418.47,6103135.69,843.46,834,27.1999902344
625376.02,6103360.19,845.31,835,26.1699853516
625399.46,6103263.7,849.54,836,28.5799780273
625251.89,6103357.82,838.67,837,26.3299731445
625188.6,6103240.67,833.49,838,25.1200048828
625201.45,6103273.73,834.87,839,30.6400195313
625546.44,6103345.94,848.09,840,30.6000097656
625384.73,6103397.81,842.85,841,25.050012207
625265.13,6103290.34,841.97,842,31.0099780273
625266.05,6103218.07,841.35,843,26.6999755859
625346.7,6103158.91,843.56,844,24.2299829102
625264.66,6103307.02,836.11,845,24.060012207
625420.24,6103263.49,848.02,846,26.4100146484
625513.63,6103277.26,845.55,847,25.2600219727
625483.66,6103250.52,843.99,848,28.2299902344
625450.86,6103272.8,847.05,849,25.9500244141
625328.9,6103139.68,847.93,850,27.7999951172
625433.35,6103162.01,840.07,851,25.119987793
625190.86,6103271.87,829.37,852,25.419987793
625511.32,6103171.09,835.42,853,29.9500292969
625462.36,6103382.42,843.54,854,25.2799902344
625270.07,6103364.32,840.21,855,26.96
625245.17,6103244.74,839.1,856,28.399987793
625373.97,6103259.13,844.24,857,25.1499731445
625485.3,6103235.27,841.06,858,27.5800195313
625369.27,6103367.92,843.34,859,25.0300024414
625342.86,6103431.72,841.33,860,26.879987793
625473.2,6103117.43,837.76,861,31.0300195313
625366.84,6103434.54,840.38,862,24.7999829102
625300.6,6103285.25,842.05,863,27.5199707031
625505.25,6103156.38,837.05,864,28.7400024414
625186.68,6103259.63,832.64,865,26.9299780273
625498.94,6103190.66,837.56,866,30.109987793
625275.67,6103198.94,841.62,867,25.2100268555
625251.06,6103438.16,834.98,868,24.6399731445
625395.96,6103409.34,842.53,869,24.6600048828
625205.08,6103324.04,832.96,870,25.2300195313
625434.49,6103244.32,843.84,871,22.9599951172
625430.83,6103377.31,846.42,872,27.0999926758
625240.91,6103208.76,841.27,873,26.7599902344
625592.94,6103271.88,838.4,874,24.4200195313
625395.16,6103310.15,846.88,875,26.5999707031
625389.23,6103197.48,845.9,876,26.5599731445
625276.27,6103261.33,837.48,877,24.8299755859
625226.59,6103309.7,837.79,878,28.5500097656
625477.18,6103320.1,827.64,879,5.5599829102
625190.26,6103326.27,833.43,880,27.5399853516
625446.92,6103110.34,840.04,881,27.5099707031
625282.97,6103169.27,843.91,882,25.2599755859
625203.34,6103376.42,833.59,883,24.389987793
625244.05,6103277.94,835.64,884,27.9299780273
625578.17,6103311.11,842.26,885,26.8699853516
625290.4,6103367.02,839.15,886,24.9399780273
625262.51,6103515.48,832.59,887,23.3600195313
625479.37,6103117.3,836.48,888,31.23
625428.14,6103283.94,845.39,889,23.3099829102
625320.38,6103346.68,840.81,891,24.2299829102
625542.03,6103334.58,848.69,892,30.3200048828
625354.4,6103258.22,837.16,893,20.0600244141
625230.16,6103322.73,837.85,894,27.050012207
625471.54,6103369.25,844.58,895,25.5400219727
625286,6103204.34,842.91,896,27.0899926758
625480.72,6103144.01,838.57,897,31.270012207
625410.28,6103300.2,845.69,898,24.4299902344
625243.9,6103393.85,833.99,899,23.3700048828
625349.06,6103198.63,842.96,900,24.6000146484
625434.39,6103136.64,843.1,901,27.5400024414
625203.55,6103247.47,835.7,902,27.5200073242
625400.91,6103297,847.13,903,26.179987793
625272.35,6103447.33,835.07,904,23.7899707031
625345.53,6103112.61,843.66,905,23.4200097656
625256.66,6103408.16,833.85,906,23.0199829102
625347.53,6103279.6,842.86,907,25.560012207
625530.29,6103252.06,843.76,908,26.3599755859
625301.57,6103319.06,839.48,909,24.3499951172
625323.26,6103434.13,839.61,910,26.0500024414
625168.64,6103377.26,829.76,911,22.7299707031
625456.71,6103328.57,846.7,912,24.9299804688
625260.8,6103226.55,839.88,913,26.2499951172
625387.28,6103249.72,844.13,914,24.179987793
625224.47,6103352.85,837.24,915,26.440012207
625419.53,6103072.73,839.97,916,29.8600146484
625319.08,6103146.61,846.22,917,26.5899951172
625426.84,6103163.49,841.57,918,25.7100146484
625342.08,6103173.65,844.49,919,25.8300268555
625148.98,6103349.72,829.49,920,23.940012207
625252.33,6103296.59,837.77,921,28.1700244141
625191.87,6103234.79,836.39,922,27.1099707031
625350,6103139.56,843.41,923,23.5799829102
625367.34,6103288.47,846.87,924,28.0800219727
625353.77,6103457.13,839.06,925,24.1300073242
625435.81,6103321.27,846.65,926,24.6800292969
625382.37,6103382.19,845.15,927,26.6299804688
625140.68,6103284.99,827.29,928,29.4099951172
625413.03,6103438.99,839.47,929,22.9900195313
625400.11,6103366.95,845.78,930,26.3100292969
625279.04,6103409.29,835.9,931,24.3000244141
625594.51,6103281.67,839.02,932,24.4899707031
625534.01,6103276.78,847.87,933,28.9899951172
625367.15,6103226.83,845.1,934,26.5600219727
625276.84,6103493.94,837.39,935,27.0300146484
625373.91,6103146.6,844.09,936,25.4700048828
625366.69,6103466.53,840.2,937,24.7999755859
625323.02,6103227.31,842.83,938,26.4999829102
625561.72,6103242.99,841.33,939,27.4200268555
625214,6103456.07,832.46,940,25.9900292969
625264.69,6103492.96,837.21,941,27.509987793
625243.29,6103304.35,839.86,942,30.6900170898
625472.16,6103224.13,842.22,943,26.6600024414
625334.7,6103123.78,848.47,944,27.6399829102
625417.19,6103341.85,843.43,945,22.3900219727
625487.42,6103128.13,834.26,946,28.8699853516
625377.46,6103176.56,841.9,947,22.5300048828
625252.76,6103172.59,845.38,948,27.9399975586
625190.74,6103247.68,831.97,949,24.1600024414
625561.86,6103304.03,840.91,950,23.5000268555
625499.52,6103272.05,841.19,951,21.3400244141
625380.2,6103387.74,844.53,952,26.3799755859
625503.54,6103225.87,840.12,953,27.87
625516.23,6103172.84,833.95,954,29.6699707031
625451.52,6103407.22,844.97,955,28.0000292969
625313.44,6103398.13,837.86,956,23.5799707031
625217.24,6103405.45,833.77,957,25.569987793
625297.92,6103372.12,842.81,958,28.1400170898
625287.51,6103300.25,841.45,959,27.999987793
625470.38,6103209.15,842.68,960,27.9500195313
625300.88,6103197.1,843.59,961,27.389987793
625337.92,6103471.06,840.75,962,26.5200195313
625524.98,6103365.62,844.96,963,25.8600244141
625361.36,6103447.97,842.51,964,27.3799951172
625221.99,6103311.8,835.84,965,26.4300268555
625291.6,6103243.63,839.66,966,25.9400292969
625322.14,6103243.9,841.49,967,25.74
625178.87,6103322.13,832.74,968,29.3900244141
625244.77,6103187.88,839.37,969,23.2899829102
625372.68,6103236.2,846.57,970,27.9199755859
625340.66,6103274.83,841.65,971,24.8099731445
625408.83,6103223.5,845.69,972,25.140012207
625495.85,6103225.28,841.08,973,30.1100292969
625287.53,6103501.01,837.05,974,25.849987793
625553.59,6103248.29,845.1,975,29.9099975586
625424.73,6103141.88,843.11,976,26.5799707031
625457.42,6103306.88,848.4,977,25.9399780273
625466.12,6103103.57,838.66,978,29.2599755859
625529.31,6103331.54,849.44,979,29.6599707031
625396.34,6103374.91,843.83,980,24.6000195313
625227.31,6103375.36,836.69,981,26.489987793
625567.16,6103343.19,841.96,982,27.3799829102
625549.7,6103278.25,844.8,983,27.2799804688
625440.41,6103275.3,846.89,984,25.2900244141
625531.72,6103234.85,841.49,985,26.0899755859
625458.25,6103298.93,846.87,986,24.5999804688
625357.44,6103468.87,838.32,987,23.2000048828
625371.1,6103210.7,843.22,988,24.1299731445
625288.47,6103447.77,837.48,989,25.680012207
625343.91,6103193.4,845.01,990,26.6799829102
625495.29,6103172.14,839.42,991,30.7600268555
625402.61,6103189.32,842.16,992,23.6000024414
625328.6,6103292.25,842.59,993,26.5300024414
625522.66,6103255.25,844.9,994,26.8699707031
625258.54,6103463.2,835.8,995,26.1699951172
625444.09,6103385.55,841.6,996,23.3800292969
625205.14,6103222.13,835.55,997,24.2400024414
625411.85,6103094.87,842.45,998,28.9399902344
625305.92,6103391.83,836,999,21.799987793
625495.89,6103256.65,844.51,1000,27.1899926758
625379.36,6103322.82,843.47,1001,23.6800219727
625299.06,6103312.59,842.39,1002,27.7399755859
625553.27,6103280.54,845.4,1003,27.9800170898
625290.08,6103392.41,837.47,1004,24.1200244141
625430.11,6103305.66,848.62,1005,26.4899951172
625311.92,6103379.02,839.33,1006,23.9800244141
625310.03,6103503.77,834.33,1007,22.1199780273
625451.5,6103371.04,845.78,1008,26.7099926758
625312.19,6103147.35,846.01,1009,26.3699853516
625474.4,6103360.95,845.5,1010,25.9799804688
625340.43,6103182.07,842.62,1011,24.3900195313
625420.43,6103394.7,843.76,1012,25.0200097656
625405.8,6103306.72,848.7,1013,27.7
625550.55,6103304.57,843.41,1014,24.8000146484
625326.86,6103372.75,843.91,1015,27.7500268555
625272.03,6103515.49,831.82,1016,22.2100146484
625451.51,6103261.52,844.15,1017,23.7499755859
625407.31,6103154.13,844.8,1018,26.7400024414
625585.02,6103257.73,841.39,1019,28.4000097656
625526.11,6103357.91,845.04,1020,25.7500219727
625491.2,6103354.92,843.09,1021,23.0300024414
625560.02,6103279.82,842.26,1022,25.309987793
625571.63,6103244.39,841.01,1023,28.1500146484
625478.39,6103355.64,846.42,1024,26.6399707031
625330.56,6103327.1,844.7,1025,28.0800048828
625212.59,6103199.44,839.42,1026,26.0600146484
625301.59,6103435.44,838.01,1027,25.3400170898
625436.66,6103281.38,846.85,1028,24.85
625142.65,6103330.67,830.3,1029,28.0899780273
625453.19,6103066.04,838.93,1030,30.8300244141
625169.91,6103281.99,829.83,1031,27.8099804688
625367.08,6103175.2,842.89,1032,23.5599829102
625553.63,6103231.29,840.29,1033,26.6700048828
625401.39,6103103.39,843.15,1034,28.3400024414
625361.33,6103212.29,845.64,1035,26.9899755859
625273.4,6103224.2,840.47,1036,26.4100024414
625288.23,6103146.6,846.1,1037,25.9099975586
625299.13,6103480.27,836.56,1038,24.3499780273
625139.68,6103268.48,827.85,1039,28.3899780273
625455.7,6103288.31,844.98,1040,23.1200146484
625439.36,6103081.57,840.24,1041,30.8100073242
625334.7,6103415.2,840.87,1042,26.1300097656
625129.06,6103328.73,827.8,1043,26.1499755859
625454.96,6103108,838.01,1044,26.6099755859
625277.25,6103221.84,842.53,1045,28.2400219727
625539.6,6103198.42,836.66,1046,29.1499902344
625216.36,6103340.35,836.52,1047,26.5900073242
625196.56,6103305.43,829.08,1048,25.5200024414
625403.19,6103269.29,846.44,1049,25.2299780273
625347.86,6103384.37,840.48,1050,23.8100170898
625511.49,6103215.8,835.73,1051,23.5999951172
625433.34,6103268.1,847.99,1052,26.3800146484
625420.52,6103310,846.07,1053,24.4000170898
625377.95,6103165.71,840.29,1054,20.740012207
625312.91,6103203.85,838.38,1055,21.830012207
625354.04,6103418.63,840.24,1056,24.7700292969
625419.98,6103081.73,843.76,1057,32.6000268555
625533.48,6103225.94,840.85,1058,27.1399780273
625526.83,6103293.65,847.78,1059,27.1499951172
625293.88,6103438.86,837.99,1060,25.6699926758
625531.57,6103352.26,845.02,1061,26.1299853516
625306.02,6103232.62,841.07,1062,25.9899829102
625424.07,6103136.23,841.47,1063,25.3000170898
625451.7,6103308.65,846.8,1064,24.2799804688
625408.1,6103324.96,847.15,1065,26.0099853516
625273.71,6103368.29,840.25,1066,26.9199829102
625164.27,6103247,833.06,1067,28.2399926758
625376.84,6103231.46,846.11,1068,27.0500024414
625206.11,6103360.19,837.63,1069,27.7399853516
625493.49,6103130.27,835.33,1070,30.879987793
625343.53,6103327.95,844.57,1071,27.2200244141
625266.82,6103352.84,840.65,1072,27.0599731445
625445.36,6103309.13,845.83,1073,23.3400097656
625458.18,6103319.61,847.07,1074,25.07
625445.02,6103197.47,844.68,1075,26.9699780273
625426.88,6103121.88,841.08,1076,26.9100170898
625294.33,6103255.86,839.28,1077,25.230012207
625413.25,6103281.23,845.79,1078,24.3100195313
625414.09,6103249.92,847.95,1079,26.5599853516
625215.8,6103438.18,833.56,1080,25.4799829102
625269.69,6103277.04,840.53,1081,28.6700146484
625328.67,6103339.69,839.55,1082,22.5899780273
625561.34,6103270.75,842.72,1083,26.6499926758
625486.7,6103219.03,842.98,1084,31.4400219727
625312.21,6103146.75,844.87,1085,25.12
625236.24,6103423.78,836.13,1086,26.679987793
625300.06,6103248.1,838.41,1087,24.0899926758
625438.36,6103414.58,841.89,1088,24.7599951172
625258.72,6103332.02,841.28,1089,28.0899975586
625499.62,6103249.77,839.49,1090,23.6200048828
625437.85,6103270.42,846.18,1091,24.5700146484
625148.44,6103268.75,828.53,1092,28.28
625344.72,6103137.59,845.25,1093,25.2299804688
625436.8,6103168.22,836.48,1094,22.6399731445
625435.56,6103208.03,843.48,1095,24.23
625199.02,6103344.28,834.93,1096,26.2000195313
625332.85,6103239.77,840.94,1097,24.5399755859
625234.85,6103181.8,840.23,1098,24.3000073242
625318.06,6103125.28,847.68,1099,26.4400097656
625285.64,6103152.15,845.54,1100,25.8700170898
625477.01,6103147.36,833.52,1101,25.7399707031
625418.45,6103149.38,842.33,1102,25.129987793
625261.1,6103507.09,834.19,1103,25.1199926758
625484.77,6103134.8,833.5,1104,26.9699707031
625230.47,6103388.39,836.23,1105,26.23
625232.84,6103206.61,837.43,1106,23.229987793
625561.37,6103230.42,841.66,1107,28.7799951172
625221.94,6103238.07,835.48,1108,25.2600292969
625435.67,6103109.83,843.86,1109,31.2899926758
625409.03,6103291.79,845.76,1110,24.5200097656
625307.04,6103181.43,842.15,1111,24.8600219727
625218.6,6103360.67,835.34,1112,24.9200170898
625127.11,6103270.43,825.7,1113,26.7300292969
625190.93,6103333.21,831.5,1114,24.5599975586
625287.05,6103461.9,836.59,1115,25.3099707031
625549.36,6103305.55,844.62,1116,26.0100146484
625345.38,6103159.81,845.14,1117,25.8099829102
625155.24,6103368.52,830.84,1118,24.4499853516
625326.8,6103385.44,842.71,1119,27.2499780273
625513.66,6103302.99,845.68,1120,23.9400097656
625267.53,6103379.45,838.45,1121,26.0200073242
625411.04,6103117.4,844.49,1122,31.3999731445
625215.58,6103391.16,831.54,1123,22.6100073242
625524.26,6103226.33,842.75,1124,28.4299926758
625277.31,6103501.18,835.33,1125,25.2200146484
625514.96,6103249.94,846.51,1126,29.1799829102
625278.84,6103148.34,845.01,1127,25.0699975586
625426.74,6103268.5,846.63,1128,24.9600170898
625125.68,6103264.28,828.12,1129,27.9799853516
625154.1,6103362.7,830.92,1130,24.42
625494.53,6103362.71,845.82,1131,26.0599902344
625317.98,6103155.41,843.92,1132,24.9099902344
625388.28,6103165.77,827.83,1133,8.5400219727
625319.9,6103402.96,839.21,1134,24.8000268555
625389.77,6103084.4,841.73,1135,25.5700268555
625196.85,6103269.93,831.34,1136,27.0500219727
625283.6,6103179.81,842.96,1137,25.21
625396.78,6103424.89,842.74,1138,25.440012207
625563.48,6103315.91,843.29,1139,26.5199804688
625394.89,6103145.51,844.99,1140,27.4599707031
625553.19,6103310.84,845.89,1141,27.6600195313
625249.54,6103176.7,844.24,1142,27.1499731445
625286.38,6103465.52,834.99,1143,23.690012207
625455.07,6103352.4,846.15,1144,25.699987793
625475.21,6103381.08,841.07,1145,22.6000292969
625223.07,6103305.63,833.77,1146,25.0799975586
625268.68,6103435.41,836.55,1147,25.0800292969
625382.25,6103281.33,844.94,1148,25.1199926758
625356.97,6103387.14,840.47,1149,23.3199755859
625321.68,6103261.12,841,1150,25.8300170898
625141.49,6103320.78,830.34,1151,30.6700170898
625320.08,6103234.32,843.6,1152,27.6100097656
625423.77,6103351.63,847.48,1153,26.680012207
625398.88,6103216.37,841.35,1154,21.1700073242
625455.56,6103207.9,845.16,1155,27.8700219727
625443.68,6103248.89,843.37,1156,22.8399707031
625232.99,6103253.37,835.81,1157,26.7399926758
625262.09,6103322.62,841.08,1158,27.6899853516
625294.16,6103461.82,833.02,1159,21.0799975586
625457.9,6103119.94,842.02,1160,31.0599780273
625386.01,6103411.06,842.57,1161,25.1500170898
625465.73,6103308.71,846.66,1162,24.3100244141
625515.11,6103242.26,840.5,1163,23.9000244141
625585.17,6103275.58,841.52,1164,26.6100268555
625237.62,6103452.76,833.67,1165,24.8200244141
625281.68,6103511.14,834.68,1166,24.2600170898
625341.18,6103261.76,841.91,1167,25.4800073242
625457.81,6103160.22,840.73,1168,29.8600048828
625355.71,6103120.7,844.07,1169,24.6600268555
625346.46,6103387.01,835.61,1170,19.2299951172
625445.08,6103121.58,842.03,1171,28.9399731445
625422.93,6103253.11,847.22,1172,25.7500292969
625526.17,6103183.22,831.62,1173,28.9400073242
625474.46,6103109.23,836.17,1174,29.1100024414
625233.97,6103199.34,837.12,1175,22.2700244141
625354.51,6103274.46,843.7,1176,26.0800048828
625574.33,6103311.69,842.76,1177,26.8400170898
625495.13,6103243.52,840.78,1178,26.53
625249.97,6103490.91,833.79,1179,24.9499731445
625345.1,6103187.37,843.87,1180,25.5399829102
625332.78,6103317.26,840.77,1181,24.3799853516
625438.74,6103063.72,840.68,1182,34.1499707031
625336.35,6103226.45,842.31,1183,25.2299829102
625433.39,6103387.84,844.42,1184,25.7899951172
625521.94,6103266.95,847.48,1185,28.4499707031
625348.56,6103165.54,833.88,1186,14.830012207
625413.96,6103078.81,842.88,1187,30.3499707031
625314.24,6103390.67,838.86,1188,24.1400292969
625433.08,6103198.4,846.53,1189,27.9700024414
625241.84,6103337.7,838,1190,26.0300292969
625513.15,6103178.04,834.97,1191,30.5099780273
625462.75,6103349.49,848.15,1192,27.8699707031
625477.66,6103397.88,844,1193,26.5999755859
625328.65,6103346.9,841.45,1194,24.3300048828
625316.66,6103354.58,839.77,1195,23.6000170898
625239.99,6103305.72,836.92,1196,27.9099902344
625402.08,6103327.2,846,1197,25.25
625172.5,6103394.27,827.57,1198,20.7200244141
625401.67,6103379.19,843.22,1199,24.0799853516
625249.83,6103373.42,839.24,1200,27.6300146484
625312.02,6103458.2,840.82,1201,27.82
625382.89,6103234.87,847.57,1202,28.1799853516
625415.75,6103426.55,841.61,1203,24.4500268555
625329.01,6103254.11,839.66,1204,23.9800073242
625568.14,6103303.21,842.82,1205,25.869987793
625464.49,6103277.38,845.98,1206,25.1499829102
625565.6,6103295.32,842.34,1207,25.1999853516
625339.95,6103242.68,842.48,1208,25.8100170898
625450.63,6103208.54,843.99,1209,25.9500219727
625336.43,6103200.5,841.62,1210,23.8100024414
625394.75,6103435.26,843.21,1211,26.4299707031
625304.29,6103378.16,839.15,1212,24.3400024414
625284.14,6103375.03,839.8,1213,26.05
625353.84,6103418.77,840.66,1214,25.1900292969
625314,6103313.12,841.02,1215,25.7800097656
625280.59,6103327.62,841.79,1216,26.9400244141
625384.26,6103317.28,843.83,1217,23.7900219727
625172.6,6103259.69,832.02,1218,27.7800097656
625222.06,6103212.22,838.59,1219,25.3299902344
625334.08,6103374.51,841.87,1220,25.5200244141
625351.63,6103192.74,843.89,1221,25.2900244141
625464.67,6103302.81,846.68,1222,24.3599926758
625374.17,6103381.31,842.5,1223,24.3699951172
625343.54,6103319.38,840.74,1224,23.3999731445
625390.33,6103335.68,845.72,1225,25.47
625485.33,6103363.6,845.27,1226,25.7399707031
625548.37,6103222.58,839.21,1227,26.8899926758
625328.08,6103146.78,845.94,1228,26.239987793
625516.23,6103159.22,838.04,1229,31.9699926758
625147.41,6103247.16,831.42,1230,29.7000292969
625119.77,6103283.46,825.73,1231,27.98
625246.4,6103336.07,836.9,1232,24.6199707031
625334.77,6103143.53,844.88,1233,25.0499829102
625548.12,6103260.97,843.53,1234,26.8999951172
625456.39,6103147.09,843.88,1235,32.1199902344
625274.68,6103347.34,837.96,1236,23.660012207
625339.44,6103486.19,838.11,1237,24.1400292969
625245.71,6103358.49,836.21,1238,24.3299951172
625373.48,6103420.72,839.74,1239,23.1200048828
625412.95,6103136.5,845.38,1240,28.8499707031
625262.42,6103256.6,835.55,1241,25.1200073242
625221.01,6103256.73,835.98,1242,28.3800244141
625505.79,6103142.76,835.91,1243,28.8100244141
625356.23,6103228.42,843.52,1244,25.4999804688
625322.01,6103178.73,847.32,1245,29.7299731445
625496.86,6103203.15,837.36,1246,28.9500268555
625430.94,6103258.3,847.9,1247,26.6899780273
625391.91,6103315.53,847.67,1248,27.3100146484
625487.49,6103189.71,841.63,1249,31.8099926758
625489.78,6103175.35,838.6,1250,28.8899780273
625251.07,6103387.36,834.86,1251,23.5799707031
625435.9,6103331.81,848.85,1252,27.3600097656
625310.13,6103221.33,842.63,1253,26.8200024414
625444.11,6103209.98,844.29,1254,25.6100073242
625266.37,6103262.6,840.92,1255,29.5899829102
625432.91,6103156.88,842.34,1256,26.790012207
625280.64,6103290.52,841.96,1257,29.1299829102
625440.71,6103349.23,847.12,1258,26.419987793
625451.83,6103338.85,845.73,1259,24.430012207
625235.8,6103229.45,837.84,1260,25.59
625417.97,6103314.41,840.13,1261,18.7499951172
625467.91,6103405.05,843.27,1262,26.4000048828
625430.38,6103377.63,845.8,1263,26.6099975586
625226.89,6103198.04,837.15,1264,22.7900146484
625600.79,6103322.19,839.34,1265,27.2300146484
625254.59,6103308.33,841.82,1266,30.770012207
625339.38,6103188.81,845.1,1267,27.1200195313
625373.6,6103241.22,842.27,1268,23.4600024414
625341.43,6103436.85,839.53,1269,25.4399731445
625407.08,6103196.85,844.53,1270,26.0400097656
625438.47,6103182.98,841.4,1271,26.0099853516
625404.48,6103258.63,847.31,1272,26.1300073242
625425.27,6103320.89,845.79,1273,24.1200170898
625104.3,6103274.37,825.87,1274,25.2899829102
625402.07,6103314.78,846,1275,25.200012207
625207.47,6103239.61,834.95,1276,25.6299926758
625361.35,6103335.96,843.74,1277,25.3800146484
625340.42,6103373.89,843.01,1278,26.309987793
625345.31,6103296.39,841.07,1279,24.1500170898
625199.17,6103304.61,832.69,1280,28.19
625411.75,6103375.1,844.08,1281,24.4000073242
625453,6103189.9,843.67,1282,27.5899829102
625403.52,6103082.61,842.56,1283,27.9600244141
625196.07,6103370.72,835,1284,25.9299926758
625282.58,6103436.33,837.61,1285,25.659987793
625361.65,6103436.97,840.67,1286,25.4900073242
625436.35,6103209.53,844.21,1287,24.9499902344
625323.58,6103405.42,839.75,1288,25.0900268555
625204.26,6103369.2,836.26,1289,26.7399804688
625358.3,6103237.01,840.7,1290,23.0800048828
625154.82,6103300.52,825.58,1291,26.9200268555
625308.69,6103493.77,836.01,1292,23.4799707031
625442.22,6103416.57,843.47,1293,26.8000170898
625439.56,6103402.59,840.73,1294,23.1300244141
625253.92,6103239.88,839.45,1295,27.7399780273
625459.42,6103196.15,840.14,1296,23.689987793
625203.86,6103347.87,832.52,1297,23.0300097656
625361.55,6103221.56,845.67,1298,27.2500170898
625361.35,6103417.34,841.06,1299,25.010012207
625272.26,6103330.75,840.05,1300,25.7799804688
625148.52,6103356.15,829.18,1301,23.1099926758
625458.78,6103247.03,846.14,1302,26.89
625497.06,6103147.95,835.66,1303,27.959987793
625294.51,6103489.93,836.14,1304,24.2999731445
625377.63,6103301.74,848.47,1305,28.72
625407.69,6103070.33,839.98,1306,27.5399975586
625329.27,6103217.85,840.47,1307,23.5899951172
625221.7,6103273.67,832.82,1308,27.2600024414
625396.44,6103226.62,844.65,1309,24.3899902344
625568.7,6103267.98,840.14,1310,24.89
625359.32,6103177.17,842.3,1311,23.2400024414
625431.77,6103208.37,844.48,1312,25.0000195313
625284.73,6103315.63,841.77,1313,27.3899951172
625383.79,6103132.55,845.26,1314,28.9299829102
625440.55,6103076.34,839.5,1315,30.5800170898
625227.75,6103282.7,836.04,1316,29.8200292969
625345.37,6103413.55,838.92,1317,23.5899829102
625159.47,6103298.1,826.48,1318,27.2400097656
625504.59,6103374.69,845.29,1319,26.2199926758
625177.98,6103388.65,832.81,1320,25.4199853516
625268.37,6103465.29,835.69,1321,25.5999731445
625302.82,6103178.62,846.52,1322,28.9499926758
625380.48,6103191.7,844.2,1323,24.9299804688
625345.3,6103396.41,837.56,1324,21.6900048828
625374.12,6103313.76,846.21,1325,26.7400292969
625430.87,6103202.49,846.79,1326,27.8100195313
625507.49,6103286.96,844.91,1327,23.5400048828
625316.96,6103192.21,841.02,1328,24.0799975586
625376.53,6103349.57,847.01,1329,27.559987793
625532.03,6103314.67,845.82,1330,25.7999804688
625217.88,6103214.66,837.94,1331,25.1300024414
625301.64,6103444.08,839.36,1332,26.9300073242
625487.15,6103116.22,835.81,1333,31.4099755859
625406.57,6103406.74,843.6,1334,25.4699951172
625219.14,6103343.14,835.9,1335,25.6100219727
625184.86,6103416.62,831.63,1336,25.080012207
625183.91,6103230.96,834.13,1337,25.5300244141
625460.69,6103385.14,845.74,1338,27.7000219727
625449.3,6103148.42,841.9,1339,28.4999755859
625513.25,6103267.65,846.49,1340,27.0999853516
625287.03,6103238.39,840.77,1341,27.3299975586
625461.06,6103218.11,843.54,1342,26.7199926758
625539.1,6103316.34,848.91,1343,29.5000268555
625169.19,6103296.85,827.8,1344,27.4599731445
625258.73,6103174.58,843.72,1345,26.0799853516
625271.98,6103240.8,839.45,1346,26.9100219727
625445.96,6103281.84,846.42,1347,24.3899707031
625358.53,6103306.85,846.79,1348,28.4599829102
625240.97,6103319.89,835.62,1349,24.2100268555
625429.18,6103339.55,848.61,1350,27.3499902344
625181.84,6103262.75,832.69,1351,27.7000097656
625540.77,6103290.96,845.84,1352,26.5599707031
625278.92,6103477.49,834.81,1353,24.1599755859
625282.81,6103198.45,844.08,1354,27.8500195313
625341.21,6103333.68,842.14,1355,24.8300024414
625290.44,6103413.6,839.94,1356,27.6099829102
625205.64,6103430.61,832.52,1357,25.27
625320.86,6103268.57,843.86,1358,28.5500024414
625241.16,6103388,836.94,1359,26.2800268555
625306.35,6103333.89,842.82,1360,26.8900073242
625268.9,6103474.23,836.36,1361,26.4699853516
625296.47,6103270.98,841.65,1362,27.9599975586
625196.76,6103288.81,829.44,1363,26.2000097656
625276.06,6103305.59,840.64,1364,27.5800024414
625409.42,6103231.25,846.68,1365,25.8399731445
625255.38,6103495.02,832.56,1366,23.609987793
625406.01,6103425.88,843.36,1367,26.0700219727
625497.77,6103255.87,845.05,1368,27.599987793
625221.27,6103283.44,833.51,1369,27.8300073242
625348.79,6103358.2,841.64,1370,23.7800146484
625138.59,6103276.06,826.67,1371,28.1800097656
625438.76,6103137.8,843.13,1372,28.4899853516
625395.32,6103399.22,843.98,1373,25.7899975586
625291.49,6103305.69,843.17,1374,29.3800219727
625247.81,6103404.37,835.06,1375,24.5000024414
625184.02,6103330.95,834.46,1376,28.5699853516
625121.8,6103296.79,818.47,1377,21.97
625438.5,6103369.22,845.41,1378,25.9300195313
625454.71,6103152.29,837.5,1379,25.1900024414
625439.84,6103242.85,844,1380,23.3900146484
625303.23,6103473.57,836.81,1381,24.1699853516
625545.58,6103224.12,836.08,1382,23.1600170898
625111.36,6103265.45,828.76,1383,26.9999902344
625437.19,6103288.69,848.73,1384,26.4699902344
625424.54,6103313.67,829.21,1385,7.4700097656
625299.89,6103211.2,842.87,1386,27.2899829102
625576.56,6103260.34,840.52,1387,26.4299731445
625428.85,6103421.4,844.07,1388,26.8400195313
625397.03,6103116.01,841.52,1389,26.8500170898
625231.03,6103221.63,839.28,1390,26.5099804688
625459.75,6103370.76,846.57,1391,27.4500048828
625233.1,6103476.34,833.53,1392,25.9900219727
625342.95,6103383.31,840.79,1393,24.4300146484
625229.12,6103270.28,833.95,1394,27.7999755859
625355.87,6103370.09,839.7,1395,22.0200073242
625416.11,6103235.55,842.19,1396,21.1599707031
625426.95,6103072.61,837.6,1397,29.4699951172
625163.54,6103347.07,831.59,1398,25.7200048828
625350.66,6103288.06,844.06,1399,26.7500024414
625180.6,6103240.07,832.23,1400,24.6599926758
625506.6,6103363.56,841.55,1401,21.8900268555
625477.24,6103131.04,834.93,1402,28.0299755859
625329.25,6103209.62,841.34,1403,24.1700170898
625269.07,6103483.98,837.62,1404,27.4799853516
625441.77,6103271.52,846.74,1405,25.3399755859
625227.26,6103392.93,835.15,1406,25.5900024414
625471.49,6103283.06,840.3,1407,19.3200195313
625247.99,6103507.7,830.46,1408,21.9299707031
625320.38,6103320.31,842.46,1409,26.71
625446.79,6103088.67,840.01,1410,29.0200097656
625472.51,6103136.22,835.41,1411,27.3899804688
625454.91,6103184.36,840.6,1412,25.5400024414
625254.64,6103381.83,838.61,1413,26.9799951172
625422.49,6103232.78,826.86,1414,5.8700097656
625246.47,6103224.13,840.16,1415,26.7699853516
625372.83,6103383.62,839.25,1416,21.2600097656
625342.16,6103337.3,845.93,1417,28.2199780273
625386.03,6103331.95,846.35,1418,26.35
625553.81,6103335.02,847.03,1419,30.1600048828
625581.23,6103252.16,840.17,1420,27.67
625332.36,6103469.14,839.67,1421,25.7799853516
625320.09,6103411.52,838.62,1422,24.3599902344
625460.76,6103391.07,841.99,1423,24.3200170898
625407.15,6103129.04,842.1,1424,27.0400024414
625352.5,6103239.52,839.9,1425,22.6399902344
625274.92,6103299.58,834.84,1426,22.7599829102
625132.86,6103247.73,829.67,1427,27.7500170898
625499.88,6103378,844.18,1428,25.2000195313
625439.01,6103296,849.17,1429,26.7699755859
625488.1,6103256.95,844.07,1430,27.4299853516
625227.47,6103420.38,832.69,1431,23.8699926758
625379.28,6103399.24,842.85,1432,25.2799926758
625344.73,6103159.32,845.5,1433,26.25
625591.51,6103315.94,841.11,1434,27.5000146484
625337,6103402.53,841.53,1435,26.1499951172
625436.86,6103396.57,844.2,1436,26.0300170898
625366.68,6103194.37,844.77,1437,25.7100024414
625460.51,6103134.05,838.45,1438,28.5099975586
625172.27,6103369.09,833.66,1439,26.1800195313
625490.06,6103386.46,840.56,1440,22.2100244141
625206.44,6103203.98,839.86,1441,27.4400170898
625324.25,6103424.79,837.7,1442,23.7800170898
625190.17,6103399.36,831.28,1443,23.5400097656
625398.91,6103195.33,843.94,1444,24.9700292969
625396.45,6103360.58,847.83,1445,28.0099926758
625255.76,6103259.04,840.52,1446,30.8400073242
625279.52,6103460.86,834.12,1447,23.320012207
625278.76,6103430.1,835.06,1448,23.1799951172
625327.27,6103161.52,845.65,1449,27.0300048828
625284.08,6103273.95,837.94,1450,24.7999853516
625491.51,6103124.46,833.93,1451,29.6200024414
625532.76,6103182.29,835.52,1452,33.27
625365.19,6103316.79,843.62,1453,24.7000170898
625303.42,6103215.62,842.54,1454,27.04
625383.77,6103312.33,847.5,1455,27.5200195313
625367.78,6103204.6,844.85,1456,25.8299804688
625150.43,6103243.7,831.03,1457,28.6999829102
625266.35,6103333.36,840.73,1458,26.8899731445
625346.43,6103468.01,839.63,1459,24.8400219727
625424.67,6103297.25,847.04,1460,25.0799780273
625214.71,6103357.15,834.18,1461,24.0000073242
625248.37,6103421.7,837.61,1462,27.5399926758
625250.94,6103287.71,835.68,1463,26.6599804688
625205.08,6103311.67,831.37,1464,24.9899951172
625436.98,6103165.35,836.18,1465,22.2899853516
625180.11,6103216.2,835.54,1466,26.8299780273
625361.73,6103289.59,843.68,1467,25.43
625341.33,6103231.68,842.01,1468,24.9199731445
625275.72,6103163,846.36,1469,27.3999780273
625157.91,6103249.48,825.76,1470,22.3900048828
625257.74,6103206.18,839.03,1471,23.4900219727
625483.23,6103395.94,844.95,1472,27.3500244141
625248.51,6103211.3,842.03,1473,27.28
625477.42,6103232.22,842.94,1474,27.8599829102
625482.34,6103111.85,836.83,1475,31.879987793
625495.37,6103279.11,844.58,1476,23.9499951172
625486.38,6103180.76,843.14,1477,32.9899755859
625589.28,6103326.33,838.8,1478,25.8100097656
625232.34,6103359.32,837.07,1479,26.07
625292.46,6103379.34,839.05,1480,24.9599731445
625226.53,6103477.81,833.54,1481,26.2699804688
625352.27,6103175.3,842.76,1482,23.76
625423.51,6103169.22,843.44,1483,27.739987793
625507.32,6103244.35,843.9,1484,27.7200073242
625344.19,6103462.98,841.28,1485,26.6100170898
625252.33,6103185.73,844.03,1486,27.4300244141
625227.36,6103472.18,833.79,1487,26.5500097656
625247.34,6103466.21,833.42,1488,24.67
625577.17,6103304.94,840.08,1489,24.280012207
625294.58,6103186.7,844.77,1490,27.8299975586
625313.66,6103432.99,838.95,1491,25.6699707031
625545.31,6103248.4,843.66,1492,27.8899804688
625438.07,6103406.6,842.85,1493,25.3100219727
625427.57,6103428.1,842.02,1494,25.1899829102
625384.93,6103280.33,841.04,1495,21.1100073242
625396.81,6103268.11,847.49,1496,26.5299780273
625268.56,6103373.23,838.44,1497,25.7700170898
625513.61,6103282.77,846.6,1498,25.800012207
625343.03,6103407.66,840.03,1499,24.5699780273
625321.93,6103138.1,847.7,1500,27.5200073242
625328.78,6103195.05,843.9,1501,26.4399780273
625393.46,6103181.64,842.66,1502,23.7400170898
625234.68,6103175.74,838.74,1503,22.4699804688
625421.57,6103276.72,844.82,1504,23.0599902344
625444.88,6103364.87,845.88,1505,26.2700146484
625538.24,6103264.85,844.43,1506,26.7199780273
625179.67,6103363.72,830.3,1507,22.2400024414
625309.13,6103410.64,841.2,1508,27.7
625336.7,6103408.96,840.04,1509,24.8299780273
625258.4,6103278.84,839.1,1510,28.9099975586
625395.99,6103296.09,846.25,1511,25.6400146484
625269.99,6103396.75,837.69,1512,25.640012207
625309.6,6103316.25,843.54,1513,28.3800268555
625475.7,6103251.17,846.82,1514,29.869987793
625413.04,6103431.18,839.38,1515,22.4100292969
625223.97,6103429.17,831.61,1516,22.7699731445
625347.37,6103266.88,842.21,1517,25.4299707031
625524.67,6103201.89,837.91,1518,28.6499902344
625421.68,6103184.88,846.09,1519,29.4399755859
625338.47,6103402.44,840.37,1520,24.9099780273
625497.21,6103235.35,841.05,1521,28.5399902344
625432.5,6103186.02,843.33,1522,26.6399975586
625229.77,6103315.97,835.78,1523,25.4399731445
625351.47,6103430.94,842.14,1524,27.14
625327.27,6103180.56,844.91,1525,27.110012207
625388.64,6103225.5,844.31,1526,24.56
625126.42,6103309.73,825.35,1527,28.2099853516
625207.77,6103419.81,828.43,1528,21.2000195313
625351.42,6103390.03,839.45,1529,22.95
625345.33,6103257.92,838.66,1530,22.2199975586
625473.48,6103330.35,845.06,1531,23.4899926758
625447.69,6103132.07,840.77,1532,27.970012207
625410.71,6103372.74,843.2,1533,23.4299804688
625298.46,6103456.28,838.28,1534,26.0699780273
625512.26,6103373.78,844.46,1535,25.3299951172
625351.51,6103440.54,839.61,1536,25.0700219727
625421.79,6103285.1,848.02,1537,26.2100024414
625243.75,6103450.08,833.99,1538,24.5600073242
625289.01,6103334.34,840.37,1539,25.1300097656
625297.82,6103334.71,839.34,1540,23.6499975586
625414.85,6103409.37,844.04,1541,26.0099707031
625426.49,6103151.45,843.19,1542,26.5100073242
625179.78,6103237.91,835.52,1543,27.8099780273
625196.54,6103260.47,833.22,1544,27.2300097656
625404.32,6103144.74,844.34,1545,26.7200048828
625408.16,6103399.36,845.95,1546,27.5499755859
625417.3,6103176.95,842.34,1547,25.9300268555
625212.36,6103381.83,835.47,1548,26.0500170898
625349.44,6103454.94,836.59,1549,21.9300268555
625201.68,6103255.06,835.67,1550,28.5700244141
625263.38,6103207.66,838.82,1551,23.3099902344
625479.29,6103151.31,835.03,1552,27.8399975586
625376.6,6103452.67,840.94,1553,25.0800146484
625274.37,6103182.8,842.94,1554,25.2800268555
625229.17,6103269.63,834.03,1555,27.8799755859
625123.55,6103252.58,829.98,1556,27.6900219727
625575.82,6103256.94,840.97,1557,27.4100024414
625543.27,6103325.54,847.66,1558,29.0400048828
625549.42,6103246.64,844.16,1559,28.6800195313
625373.24,6103331.09,846.34,1560,27.0799902344
625231.21,6103223.26,841.39,1561,28.6199804688
625334.98,6103244.61,840.86,1562,24.4199975586
625319.54,6103448.36,837.5,1563,24.25
625458.75,6103148.24,838.17,1564,26.7099780273
625495.89,6103382.72,843.43,1565,24.7399975586
625517.7,6103215.49,837.95,1566,25.4199707031
625568.04,6103329.3,845.28,1567,29.9200146484
625202.99,6103298.75,832.68,1568,27.9600292969
625370.11,6103303.47,846.26,1569,27.1099755859
625236.87,6103326.42,837.61,1570,26.1800073242
625276.62,6103392.72,834.72,1571,22.2300097656
625300.53,6103390.87,841.03,1572,27.1800244141
625469.01,6103315.95,845.49,1573,23.2700292969
625278.1,6103442.78,834.79,1574,23.1599951172
625277.85,6103309.62,842.61,1575,28.9400170898
625418.2,6103113.01,841,1576,28.3300170898
625355.69,6103317.17,844.54,1577,26.3800268555
625381.28,6103257.3,845.46,1578,25.8699731445
625406.79,6103154.46,844.88,1579,26.8200024414
625418.61,6103430.5,839.32,1580,22.4100268555
625533.74,6103268.74,845.61,1581,27.1800073242
625486.24,6103377.17,845.91,1582,27.1000024414
625294.43,6103475.09,838.74,1583,26.789987793
625488.96,6103162.09,836.73,1584,27.529987793
625521.39,6103184.37,839.13,1585,35.63
625400.65,6103138.96,845.24,1586,28.6499731445
625415.21,6103305.54,847.67,1587,26.2500170898
625324.89,6103362.2,843.59,1588,27.0500219727
625366.56,6103276.64,842.01,1589,23.3300073242
625259.51,6103354.95,840.59,1590,27.7800024414
625326.74,6103269.97,843.46,1591,27.759987793
625249.37,6103431.2,836.02,1592,25.7800097656
625444.02,6103395.15,843.28,1593,25.579987793
625151.68,6103293.23,828.93,1594,30.130012207
625448.19,6103390.49,840.32,1595,22.4899829102
625212.24,6103431.97,833.81,1596,26.0200219727
625191.7,6103226.24,832.19,1597,22.3699926758
625436.52,6103353.62,847.06,1598,26.6599755859
625240.2,6103402.1,834.36,1599,24.3999780273
625432.03,6103101.27,840.86,1600,29.3999780273
625247.14,6103173.1,843.48,1601,26.6499829102
625327.79,6103439.71,839.1,1602,25.5299926758
625416.69,6103223.31,845.41,1603,24.7500268555
625522.68,6103312.03,844.72,1604,23.6200244141
625387.35,6103423.56,842.91,1605,25.8199731445
625264.42,6103402.53,836.4,1606,24.9900268555
625535.74,6103362.53,845.66,1607,27.1299707031
625321.19,6103297.32,842.48,1608,26.8800244141
625440.81,6103301.48,848.92,1609,26.5399951172
625325.66,6103456.34,839.81,1610,26.4099755859
625241.39,6103354.48,838.96,1611,27.2499780273
625350.81,6103247.84,841.22,1612,24.3299853516
625449.49,6103318.1,848.58,1613,26.3600292969
625236.25,6103249.35,835.91,1614,26.1499902344
625259.02,6103265.16,837.92,1615,27.8600024414
625362.14,6103324.69,844.42,1616,25.7899951172
625402.95,6103433.69,839.43,1617,22.4699780273
625188.54,6103205.91,835.74,1618,25.3300268555
625480.68,6103378.29,843.91,1619,25.3000146484
625212.48,6103314.52,834.65,1620,26.2200073242
625239.49,6103458.24,833.83,1621,25.2900219727
625236,6103408.58,834.98,1622,25.7099804688
625366.78,6103416.28,841.23,1623,24.930012207
625464.85,6103207.24,843.9,1624,27.949987793
625340.25,6103126.13,845.44,1625,24.7200292969
625334.4,6103114.94,842.49,1626,21.3800146484
625394.3,6103096.16,841.25,1627,25.7199707031
